{
	"info": {
		"_postman_id": "bdab1844-a003-4d28-aef6-04c9a1b3e368",
		"name": "Turma-03",
		"schema": "https://schema.getpostman.com/json/collection/v2.1.0/collection.json",
		"_exporter_id": "17411764"
	},
	"item": [
		{
			"name": "Música",
			"item": [
				{
					"name": "Artistas",
					"item": [
						{
							"name": "Buscar todos",
							"request": {
								"method": "GET",
								"header": [],
								"url": {
									"raw": "{{host}}/v1/artistas",
									"host": [
										"{{host}}"
									],
									"path": [
										"v1",
										"artistas"
									]
								}
							},
							"response": []
						},
						{
							"name": "Buscar por id",
							"request": {
								"method": "GET",
								"header": [],
								"url": {
									"raw": "{{host}}/v1/artistas/110",
									"host": [
										"{{host}}"
									],
									"path": [
										"v1",
										"artistas",
										"110"
									]
								}
							},
							"response": []
						},
						{
							"name": "Buscar por id com albuns",
							"request": {
								"method": "GET",
								"header": [],
								"url": {
									"raw": "{{host}}/v1/artistas/120/albuns",
									"host": [
										"{{host}}"
									],
									"path": [
										"v1",
										"artistas",
										"120",
										"albuns"
									]
								}
							},
							"response": []
						},
						{
							"name": "Cadastrar",
							"request": {
								"method": "POST",
								"header": [],
								"body": {
									"mode": "raw",
									"raw": "{\r\n    \"nome\" : \"Foo Fighters\",\r\n    \"banda\" : true,\r\n    \"pais_id\" : 1\r\n}",
									"options": {
										"raw": {
											"language": "json"
										}
									}
								},
								"url": {
									"raw": "{{host}}/v1/artistas",
									"host": [
										"{{host}}"
									],
									"path": [
										"v1",
										"artistas"
									]
								}
							},
							"response": []
						},
						{
							"name": "Atualizar",
							"request": {
								"method": "PUT",
								"header": [],
								"body": {
									"mode": "raw",
									"raw": "{\r\n    \"nome\" : \"Metallica EUA\",\r\n    \"banda\" : true,\r\n    \"pais_id\" : 2\r\n}",
									"options": {
										"raw": {
											"language": "json"
										}
									}
								},
								"url": {
									"raw": "{{host}}/v1/artistas/1",
									"host": [
										"{{host}}"
									],
									"path": [
										"v1",
										"artistas",
										"1"
									]
								}
							},
							"response": []
						},
						{
							"name": "Excluir",
							"request": {
								"method": "DELETE",
								"header": [],
								"url": {
									"raw": "{{host}}/v1/artistas/1",
									"host": [
										"{{host}}"
									],
									"path": [
										"v1",
										"artistas",
										"1"
									]
								}
							},
							"response": []
						}
					]
				},
				{
					"name": "Albuns",
					"item": [
						{
							"name": "Buscar todos",
							"request": {
								"method": "GET",
								"header": [],
								"url": {
									"raw": "{{host}}/v1/albuns",
									"host": [
										"{{host}}"
									],
									"path": [
										"v1",
										"albuns"
									]
								}
							},
							"response": []
						},
						{
							"name": "Buscar por id",
							"request": {
								"method": "GET",
								"header": [],
								"url": {
									"raw": "{{host}}/v1/albuns/111",
									"host": [
										"{{host}}"
									],
									"path": [
										"v1",
										"albuns",
										"111"
									]
								}
							},
							"response": []
						},
						{
							"name": "Cadastrar",
							"request": {
								"method": "POST",
								"header": [],
								"body": {
									"mode": "raw",
									"raw": "{\r\n    \"titulo\" : \"Iron Maiden\",\r\n    \"ano\" : 1983,\r\n    \"artista_id\" : 1\r\n}",
									"options": {
										"raw": {
											"language": "json"
										}
									}
								},
								"url": {
									"raw": "{{host}}/v1/albuns",
									"host": [
										"{{host}}"
									],
									"path": [
										"v1",
										"albuns"
									]
								}
							},
							"response": []
						},
						{
							"name": "Atualizar",
							"request": {
								"method": "PUT",
								"header": [],
								"body": {
									"mode": "raw",
									"raw": "{\r\n    \"titulo\" : \"Iron Maiden\",\r\n    \"ano\" : 1980,\r\n    \"artista_id\" : 2\r\n}",
									"options": {
										"raw": {
											"language": "json"
										}
									}
								},
								"url": {
									"raw": "{{host}}/v1/albuns/125",
									"host": [
										"{{host}}"
									],
									"path": [
										"v1",
										"albuns",
										"125"
									]
								}
							},
							"response": []
						},
						{
							"name": "Excluir",
							"request": {
								"method": "DELETE",
								"header": [],
								"url": {
									"raw": "{{host}}/v1/albuns/129",
									"host": [
										"{{host}}"
									],
									"path": [
										"v1",
										"albuns",
										"129"
									]
								}
							},
							"response": []
						}
					]
				},
				{
					"name": "Países",
					"item": [
						{
							"name": "Buscar todos",
							"request": {
								"method": "GET",
								"header": [],
								"url": {
									"raw": "{{host}}/v1/paises",
									"host": [
										"{{host}}"
									],
									"path": [
										"v1",
										"paises"
									]
								}
							},
							"response": []
						},
						{
							"name": "Buscar por id",
							"request": {
								"method": "GET",
								"header": [],
								"url": {
									"raw": "{{host}}/v1/paises/110",
									"host": [
										"{{host}}"
									],
									"path": [
										"v1",
										"paises",
										"110"
									]
								}
							},
							"response": []
						},
						{
							"name": "Buscar por id com artistas",
							"request": {
								"method": "GET",
								"header": [],
								"url": {
									"raw": "{{host}}/v1/paises/1/artistas",
									"host": [
										"{{host}}"
									],
									"path": [
										"v1",
										"paises",
										"1",
										"artistas"
									]
								}
							},
							"response": []
						},
						{
							"name": "Cadastrar",
							"request": {
								"method": "POST",
								"header": [],
								"body": {
									"mode": "raw",
									"raw": "{\r\n    \"nome\" : \"Uruguai\"\r\n}",
									"options": {
										"raw": {
											"language": "json"
										}
									}
								},
								"url": {
									"raw": "{{host}}/v1/paises",
									"host": [
										"{{host}}"
									],
									"path": [
										"v1",
										"paises"
									]
								}
							},
							"response": []
						},
						{
							"name": "Atualizar",
							"request": {
								"method": "PUT",
								"header": [],
								"body": {
									"mode": "raw",
									"raw": "{\r\n    \"nome\" : \"Uruguay\"\r\n}",
									"options": {
										"raw": {
											"language": "json"
										}
									}
								},
								"url": {
									"raw": "{{host}}/v1/paises/6",
									"host": [
										"{{host}}"
									],
									"path": [
										"v1",
										"paises",
										"6"
									]
								}
							},
							"response": []
						},
						{
							"name": "Excluir",
							"request": {
								"method": "DELETE",
								"header": [],
								"url": {
									"raw": "{{host}}/v1/paises/1",
									"host": [
										"{{host}}"
									],
									"path": [
										"v1",
										"paises",
										"1"
									]
								}
							},
							"response": []
						}
					]
				},
				{
					"name": "Músicos",
					"item": [
						{
							"name": "Buscar todos",
							"request": {
								"method": "GET",
								"header": [],
								"url": {
									"raw": "{{host}}/v1/musicos",
									"host": [
										"{{host}}"
									],
									"path": [
										"v1",
										"musicos"
									]
								}
							},
							"response": []
						},
						{
							"name": "Buscar por id",
							"request": {
								"method": "GET",
								"header": [],
								"url": {
									"raw": "{{host}}/v1/musicos/211",
									"host": [
										"{{host}}"
									],
									"path": [
										"v1",
										"musicos",
										"211"
									]
								}
							},
							"response": []
						},
						{
							"name": "Cadastrar",
							"request": {
								"method": "POST",
								"header": [],
								"body": {
									"mode": "raw",
									"raw": "{\r\n    \"nome\" : \"Kirk\",\r\n    \"sobrenome\" : \"Hammet\",\r\n    \"dataNasc\" : \"1965-05-20\",\r\n    \"instrumentoDtos\" : [\r\n        {\r\n            \"id\" : 2\r\n        }\r\n    ]\r\n}",
									"options": {
										"raw": {
											"language": "json"
										}
									}
								},
								"url": {
									"raw": "{{host}}/v1/musicos",
									"host": [
										"{{host}}"
									],
									"path": [
										"v1",
										"musicos"
									]
								}
							},
							"response": []
						},
						{
							"name": "Atualizar",
							"request": {
								"method": "PUT",
								"header": [],
								"body": {
									"mode": "raw",
									"raw": "{\r\n    \"nome\" : \"Kirk\",\r\n    \"sobrenome\" : \"Hammet\",\r\n    \"dataNasc\" : \"1963-08-02\",\r\n    \"instrumentoDtos\" : [\r\n        {\r\n            \"id\" : 2\r\n        },\r\n        {\r\n            \"id\" : 1\r\n        }\r\n    ]\r\n}",
									"options": {
										"raw": {
											"language": "json"
										}
									}
								},
								"url": {
									"raw": "{{host}}/v1/musicos/4",
									"host": [
										"{{host}}"
									],
									"path": [
										"v1",
										"musicos",
										"4"
									]
								}
							},
							"response": []
						},
						{
							"name": "Excluir",
							"request": {
								"method": "DELETE",
								"header": [],
								"url": {
									"raw": "{{host}}/v1/musicos/3",
									"host": [
										"{{host}}"
									],
									"path": [
										"v1",
										"musicos",
										"3"
									]
								}
							},
							"response": []
						}
					]
				},
				{
					"name": "Instrumentos",
					"item": [
						{
							"name": "Buscar todos",
							"request": {
								"method": "GET",
								"header": [],
								"url": {
									"raw": "{{host}}/v1/instrumentos",
									"host": [
										"{{host}}"
									],
									"path": [
										"v1",
										"instrumentos"
									]
								}
							},
							"response": []
						},
						{
							"name": "Buscar por id",
							"request": {
								"method": "GET",
								"header": [],
								"url": {
									"raw": "{{host}}/v1/instrumentos/222",
									"host": [
										"{{host}}"
									],
									"path": [
										"v1",
										"instrumentos",
										"222"
									]
								}
							},
							"response": []
						},
						{
							"name": "Cadastrar",
							"request": {
								"method": "POST",
								"header": [],
								"body": {
									"mode": "raw",
									"raw": "{\r\n    \"nome\" : \"Violão Folk\",\r\n    \"obs\" : \"SD200C Elétrico Cordas de Aço com Capa Folk Correia e Capotraste\"\r\n}",
									"options": {
										"raw": {
											"language": "json"
										}
									}
								},
								"url": {
									"raw": "{{host}}/v1/instrumentos",
									"host": [
										"{{host}}"
									],
									"path": [
										"v1",
										"instrumentos"
									]
								}
							},
							"response": []
						},
						{
							"name": "Atualizar",
							"request": {
								"method": "PUT",
								"header": [],
								"body": {
									"mode": "raw",
									"raw": "{\r\n    \"nome\" : \"Violão Folk\",\r\n    \"obs\" : \"SD200C Elétrico Cordas de Aço\"\r\n}",
									"options": {
										"raw": {
											"language": "json"
										}
									}
								},
								"url": {
									"raw": "{{host}}/v1/instrumentos/11",
									"host": [
										"{{host}}"
									],
									"path": [
										"v1",
										"instrumentos",
										"11"
									]
								}
							},
							"response": []
						},
						{
							"name": "Excluir",
							"request": {
								"method": "DELETE",
								"header": [],
								"url": {
									"raw": "{{host}}/v1/instrumentos/500",
									"host": [
										"{{host}}"
									],
									"path": [
										"v1",
										"instrumentos",
										"500"
									]
								}
							},
							"response": []
						}
					]
				}
			]
		},
		{
			"name": "Exercícios",
			"item": []
		},
		{
			"name": "Banco Sisnema",
			"item": [
				{
					"name": "Usuários",
					"item": [
						{
							"name": "Buscar todos",
							"request": {
								"method": "GET",
								"header": [],
								"url": {
									"raw": "{{host}}/v1/usuarios",
									"host": [
										"{{host}}"
									],
									"path": [
										"v1",
										"usuarios"
									]
								}
							},
							"response": []
						},
						{
							"name": "Buscar por id",
							"request": {
								"method": "GET",
								"header": [],
								"url": {
									"raw": "{{host}}/v1/usuarios/1",
									"host": [
										"{{host}}"
									],
									"path": [
										"v1",
										"usuarios",
										"1"
									]
								}
							},
							"response": []
						},
						{
							"name": "Cadastrar",
							"request": {
								"method": "POST",
								"header": [],
								"body": {
									"mode": "raw",
									"raw": "{\r\n    \"nome\" : \"Felipe\",\r\n    \"sobrenome\" : \"Massa\",\r\n    \"email\" : \"massa@gmail.com\",\r\n    \"senha\" : \"123456\",\r\n    \"funcoes\" : [\r\n        {\r\n            \"id\" : 3\r\n        }\r\n    ]\r\n}",
									"options": {
										"raw": {
											"language": "json"
										}
									}
								},
								"url": {
									"raw": "{{host}}/v1/usuarios",
									"host": [
										"{{host}}"
									],
									"path": [
										"v1",
										"usuarios"
									]
								}
							},
							"response": []
						}
					]
				},
				{
					"name": "Funções",
					"item": [
						{
							"name": "Buscar todos",
							"request": {
								"method": "GET",
								"header": [],
								"url": {
									"raw": "{{host}}/v1/funcoes",
									"host": [
										"{{host}}"
									],
									"path": [
										"v1",
										"funcoes"
									]
								}
							},
							"response": []
						},
						{
							"name": "Buscar por id",
							"request": {
								"method": "GET",
								"header": [],
								"url": {
									"raw": "{{host}}/v1/funcoes/1",
									"host": [
										"{{host}}"
									],
									"path": [
										"v1",
										"funcoes",
										"1"
									]
								}
							},
							"response": []
						},
						{
							"name": "Cadastrar",
							"request": {
								"method": "POST",
								"header": [],
								"body": {
									"mode": "raw",
									"raw": "{\r\n    \"autoridade\" : \"ROLE_PILOT\"\r\n}",
									"options": {
										"raw": {
											"language": "json"
										}
									}
								},
								"url": {
									"raw": "{{host}}/v1/funcoes",
									"host": [
										"{{host}}"
									],
									"path": [
										"v1",
										"funcoes"
									]
								}
							},
							"response": []
						},
						{
							"name": "Atualizar",
							"request": {
								"method": "PUT",
								"header": [],
								"body": {
									"mode": "raw",
									"raw": "{\r\n    \"autoridade\" : \"ROLE_CHANGED\"\r\n}",
									"options": {
										"raw": {
											"language": "json"
										}
									}
								},
								"url": {
									"raw": "{{host}}/v1/funcoes/3",
									"host": [
										"{{host}}"
									],
									"path": [
										"v1",
										"funcoes",
										"3"
									]
								}
							},
							"response": []
						},
						{
							"name": "Excluir",
							"request": {
								"method": "DELETE",
								"header": [],
								"url": {
									"raw": "{{host}}/v1/funcoes/4",
									"host": [
										"{{host}}"
									],
									"path": [
										"v1",
										"funcoes",
										"4"
									]
								}
							},
							"response": []
						}
					]
				}
			]
		}
	]
}